-10,
-13,
0,
2,
-3,
-1,
-5,
-2,
-4,
2,
1,
-15,
3,
2,
8,
-9,
-12,
-9,
-15,
-11,
-14,
-15,
-17,
-8,
-17,
-2,
-9,
-37,
-27,
-24,
-38,
-27,
-33,
-34,
-21,
-31,
-25,
-34,
-31,
-29,
-30,
-51,
-46,
-24,
-44,
-46,
-36,
-41,
-45,
-25,
-27,
-24,
-37,
-33,
-29,
-35,
-31,
-47,
-37,
-32,
-31,
-37,
-26,
-34,
-45,
-45,
-38,
-32,
-43,
-23,
-31,
-37,
-27,
-38,
-23,
-13,
-29,
-28,
-19,
-23,
-29,
-12,
-22,
-32,
-23,
-37,
-17,
-18,
-43,
-32,
-31,
-24,
-44,
-35,
-25,
-39,
-29,
-40,
-21,
-33,
-14,
-20,
-36,
-8,
-26,
-24,
-33,
-37,
-25,
-36,
-16,
-21,
-26,
-17,
-15,
-22,
-39,
-32,
-28,
-20,
-14,
-30,
-33,
-13,
-36,
-1,
-35,
-34,
-26,
-36,
-21,
-33,
-14,
-32,
-25,
-5,
-25,
-29,
-15,
-18,
-21,
-16,
-17,
-13,
-15,
-25,
-27,
-24,
-28,
-6,
-22,
-12,
-6,
-16,
-9,
-1,
1,
-25,
-11,
-10,
-6,
-17,
-8,
2,
-4,
4,
-13,
3,
-12,
-1,
-12,
-11,
11,
9,
3,
16,
8,
5,
12,
0,
20,
-12,
8,
16,
8,
18,
25,
47,
-52,
-44,
119,
-43,
-10,
62,
-47,
-2,
40,
40,
-71,
0,
44,
-38,
-14,
19,
-4,
-23,
23,
28,
-29,
-9,
39,
-13,
7,
11,
10,
-12,
14,
2,
14,
8,
14,
-3,
-19,
29,
14,
-13,
8,
-7,
9,
-9,
-1,
1,
-11,
5,
2,
2,
-4,
-9,
-20,
-6,
-4,
-1,
-13,
-13,
1,
-10,
2,
-13,
27,
17,
5,
8,
0,
7,
-12,
20,
-8,
-4,
-2,
10,
-5,
-1,
-5,
-17,
-6,
11,
15,
3,
-9,
10,
9,
-18,
-9,
-15,
-30,
-19,
6,
-12,
-5,
-17,
-8,
-12,
-13,
-6,
-11,
16,
16,
-23,
-16,
-19,
1,
3,
-2,
24,
-10,
3,
-11,
-15,
-5,
6,
-3,
24,
13,
2,
9,
14,
29,
19,
9,
26,
20,
16,
27,
14,
20,
21,
-7,
23,
17,
5,
13,
24,
10,
4,
25,
15,
18,
20,
20,
24,
19,
22,
15,
12,
29,
16,
25,
42,
20,
30,
29,
34,
34,
42,
27,
52,
62,
53,
27,
15,
30,
23,
55,
193,
350,
524,
675,
722,
747,
723,
658,
585,
499,
485,
491,
564,
695,
842,
943,
1003,
1023,
940,
887,
775,
633,
517,
425,
383,
326,
309,
245,
170,
110,
73,
68,
65,
32,
-35,
-191,
-320,
-419,
-461,
-450,
-458,
-437,
-428,
-413,
-387,
-366,
-363,
-384,
-409,
-377,
-306,
-214,
-86,
3,
101,
130,
124,
119,
93,
34,
66,
114,
185,
269,
328,
402,
395,
384,
369,
352,
349,
303,
202,
123,
57,
24,
10,
1,
-14,
-28,
-4,
9,
28,
25,
11,
-42,
-100,
-149,
-185,
-187,
-169,
-126,
-70,
-13,
63,
97,
133,
153,
131,
162,
169,
195,
198,
232,
238,
267,
302,
315,
318,
282,
247,
212,
161,
142,
141,
147,
147,
133,
98,
65,
16,
-47,
-122,
-181,
-246,
-270,
-293,
-317,
-311,
-301,
-260,
-243,
-246,
-202,
-219,
-209,
-192,
-180,
-156,
-143,
-141,
-98,
-42,
14,
97,
184,
218,
270,
292,
280,
297,
313,
307,
349,
376,
391,
397,
405,
389,348,319,301,297,265,253,234,218,199,190,137,95,45,1,-35,-59,-80,-79,-119,-111,-117,-100,-89,-101,-75,-66,-35,-33,-45,-64,-74,-87,-81,-42,-21,38,43,78,98,92,84,50,65,29,-10,-29,-51,-65,-83,-75,-116,-127,-147,-166,-179,-218,-224,-266,-290,-314,-337,-322,-327,-318,-297,-298,-282,-296,-285,-264,-261,-223,-189,-137,-100,-65,-59,-52,-19,0,39,44,50,88,97,127,192,194,202,199,191,208,218,213,195,185,168,153,152,127,126,132,153,144,146,134,107,105,115,97,90,78,62,74,103,96,90,111,103,111,93,67,73,101,72,82,65,52,25,20,17,15,-22,-27,-48,-84,-83,-90,-87,-103,-88,-104,-163,-173,-184,-185,-182,-203,-201,-212,-196,-154,-121,-113,-105,-96,-58,-57,-47,-2,21,26,69,65,73,97,158,210,194,229,268,275,341,516,701,863,1047,1185,1277,1321,1352,1352,1324,1336,1379,1437,1504,1592,1716,1775,1741,1674,1590,1454,1288,1114,968,805,656,520,324,137,9,-120,-258,-355,-498,-696,-916,-1115,-1272,-1403,-1503,-1562,-1568,-1601,-1587,-1553,-1526,-1525,-1528,-1520,-1482,-1388,-1256,-1067,-893,-732,-603,-494,-418,-368,-317,-251,-196,-109,16,103,164,224,271,240,234,220,166,66,-35,-160,-255,-318,-385,-465,-556,-598,-645,-723,-754,-784,-837,-896,-949,-947,-930,-954,-950,-875,-815,-774,-729,-708,-648,-550,-432,-360,-252,-136,-97,-76,-46,4,19,-21,-17,-48,-56,-99,-112,-104,-117,-116,-178,-285,-411,-542,-651,-773,-883,-959,-1072,-1182,-1270,-1342,-1407,-1466,-1521,-1604,-1688,-1728,-1722,-1727,-1699,-1701,-1701,-1711,-1700,-1672,-1633,-1577,-1477,-1368,-1240,-1120,-1031,-974,-884,-806,-703,-608,-508,-425,-360,-288,-274,-206,-150,-65,-24,40,101,169,257,293,338,412,518,605,687,777,840,886,925,960,1064,1102,1202,1325,1488,1645,1804,1911,1999,2030,2041,2035,2021,2035,2075,2140,2120,2136,2114,2064,1984,1950,1870,1761,1670,1533,1376,1185,1060,888,754,643,506,366,272,193,100,24,-61,-125,-160,-176,-148,-125,-134,-119,-116,-122,-100,-55,25,171,304,405,567,685,768,831,873,921,975,1000,1034,1078,1113,1140,1172,1199,1220,1241,1238,1210,1176,1121,1042,963,853,774,707,656,603,571,533,481,439,380,297,213,165,111,45,-1,-70,-154,-210,-294,-365,-437,-506,-557,-627,-750,-879,-1032,-1185,-1324,-1458,-1567,-1691,-1792,-1914,-2027,-2122,-2262,-2416,-2581,-2730,-2882,-2930,-2973,-3035,-3073,-3093,-3127,-3187,-3204,-3205,-3207,-3212,-3203,-3171,-3107,-3078,-3071,-3061,-3053,-2984,-2861,-2728,-2593,-2478,-2365,-2218,-2079,-1936,-1850,-1855,-1884,-1849,-1789,-1715,-1653,-1602,-1578,-1476,-1318,-1161,-1009,-893,-758,-622,-454,-151,196,495,716,977,1264,1532,1769,1942,2080,2227,2455,2711,3029,3350,3630,3883,4032,4173,4234,4213,4051,3869,3720,3548,3343,3146,2899,2627,2418,2234,1992,1721,1396,946,470,-52,-494,-876,-1281,-1647,-1968,-2219,-2433,-2559,-2699,-2894,-3094,-3227,-3350,-3395,-3334,-3263,-3156,-3055,-2884,-2741,-2619,-2461,-2320,-2134,-1910,-1648,-1364,-1095,-807,-504,-194,70,333,534,657,737,822,908,994,1093,1213,1423,1719,2057,2458,2860,3233,3508,3690,3761,3822,3909,4016,4141,4342,4564,4786,5008,5205,5371,5472,5512,5447,5336,5168,5005,4811,4605,4324,4027,3692,3262,2896,2548,2200,1845,1474,1089,670,263,-144,-536,-874,-1181,-1499,-1799,-2095,-2349,-2565,-2702,-2751,-2705,-2570,-2422,-2195,-1956,-1708,-1505,-1319,-1189,-1083,-972,-824,-623,-338,-16,244,461,606,704,717,639,512,321,86,-179,-433,-711,-992,-1265,-1525,-1782,-1995,-2253,-2566,-2898,-3279,-3666,-4048,-4411,-4701,-4932,-5108,-5227,-5317,-5368,-5373,-5313,-5255,-5261,-5239,-5172,-5107,-5057,-4931,-4768,-4607,-4471,-4330,-4114,-3801,-3511,-3234,-2997,-2766,-2421,-2090,-1783,-1497,-1185,-785,-364,166,716,1220,1607,1930,2291,2657,2987,3260,3509,3761,4132,4568,4986,5347,5646,5874,5983,6030,6016,5933,5776,5600,5448,5329,5259,5123,4914,4587,4234,3891,3530,3115,2666,2166,1583,1032,581,157,-278,-733,-1246,-1728,-2098,-2454,-2796,-3134,-3467,-3795,-4083,-4296,-4442,-4525,-4569,-4645,-4703,-4707,-4712,-4738,-4721,-4671,-4534,-4335,-4029,-3727,-3404,-3077,-2797,-2541,-2262,-2007,-1802,-1590,-1383,-1084,-722,-341,28,370,702,1018,1306,1591,1901,2142,2368,2581,2760,2961,3173,3388,3589,3843,4156,4446,4707,4975,5205,5467,5719,5915,6076,6158,6176,6137,6114,6059,5933,5804,5658,5522,5368,5252,5043,4817,4585,4240,3811,3278,2706,2088,1525,1047,600,176,-225,-587,-942,-1216,-1426,-1626,-1861,-2112,-2358,-2616,-2767,-2813,-2798,-2746,-2677,-2552,-2365,-2092,-1761,-1440,-1138,-818,-502,-197,107,406,699,956,1181,1402,1573,1722,1798,1843,1901,1949,1937,1822,1585,1284,942,560,147,-273,-737,-1217,-1696,-2159,-2528,-2891,-3239,-3637,-4066,-4462,-4834,-5211,-5585,-5976,-6261,-6466,-6591,-6683,-6738,-6781,-6806,-6767,-6709,-6633,-6581,-6551,-6566,-6506,-6317,-6059,-5774,-5491,-5259,-5014,-4674,-4293,-3825,-3331,-2911,-2518,-2046,-1442,-730,-21,672,1280,1881,2451,2943,3389,3829,4239,4714,5197,5694,6216,6741,7174,7571,7935,8133,8173,8049,7838,7630,7492,7347,7163,6913,6549,6155,5748,5358,4991,4545,3981,3264,2562,1879,1241,641,17,-613,-1248,-1805,-2334,-2793,-3235,-3682,-4163,-4593,-4965,-5252,-5473,-5670,-5780,-5873,-5937,-6016,-6095,-6165,-6210,-6169,-6111,-5943,-5688,-5380,-5049,-4702,-4380,-4016,-3647,-3368,-3106,-2834,-2564,-2253,-1885,-1469,-1041,-573,-26,503,1007,1559,2065,2664,3353,4034,4668,5194,5593,5909,6230,6561,6862,7144,7472,7797,8123,8454,8758,8924,9006,8923,8715,8364,7942,7487,7037,6610,6162,5626,4986,4333,3727,3175,2686,2244,1691,1033,301,-442,-1111,-1655,-2118,-2531,-2898,-3238,-3443,-3502,-3508,-3501,-3494,-3531,-3516,-3401,-3153,-2833,-2504,-2183,-1952,-1744,-1534,-1312,-1050,-692,-306,120,520,871,1170,1370,1493,1548,1544,1514,1419,1275,1090,928,743,541,303,61,-189,-436,-675,-912,-1148,-1477,-1904,-2391,-2872,-3229,-3422,-3532,-3643,-3771,-3913,-4137,-4414,-4668,-4892,-5110,-5251,-5323,-5298,-5267,-5275,-5297,-5432,-5608,-5833,-6090,-6338,-6550,-6637,-6591,-6476,-6256,-6068,-6012,-5997,-5937,-5757,-5428,-4995,-4492,-3824,-3003,-2199,-1496,-774,-53,639,1273,1886,2497,3205,3973,4781,5698,6580,7399,8043,8484,8780,9137,9358,9379,9373,9304,9152,8864,8513,8131,7753,7394,6970,6421,5858,5191,4395,3490,2552,1669,858,56,-689,-1344,-1841,-2295,-2774,-3283,-3836,-4385,-4945,-5415,-5686,-5717,-5651,-5526,-5495,-5446,-5415,-5507,-5622,-5667,-5654,-5541,-5346,-5094,-4797,-4413,-4047,-3858,-3692,-3538,-3452,-3368,-3211,-2991,-2753,-2493,-2281,-2096,-1872,-1583,-1328,-971,-454,156,736,1253,1805,2349,2856,3312,3694,4081,4487,4969,5464,6039,6812,7661,8391,8957,9393,9616,9712,9692,9643,9507,9297,8944,8571,8249,7951,7616,7108,6515,5913,5287,4536,3696,2874,2087,1223,392,-405,-1223,-1924,-2528,-2993,-3323,-3519,-3698,-3952,-4128,-4168,-4076,-3890,-3597,-3236,-2896,-2567,-2254,-1936,-1533,-1084,-699,-349,115,680,1315,1858,2317,2624,2778,2760,2630,2452,2246,2032,1720,1376,1062,713,302,-174,-606,-1019,-1469,-2006,-2596,-3202,-3775,-4362,-4916,-5412,-5782,-6057,-6336,-6556,-6672,-6698,-6740,-6826,-6878,-6861,-6772,-6641,-6476,-6300,-6078,-5899,-5838,-5808,-5772,-5748,-5804,-5759,-5646,-5500,-5327,-5210,-5119,-5047,-4884,-4591,-4255,-3805,-3114,-2319,-1585,-946,-384,108,563,996,1404,1895,2498,3266,4125,5154,6242,7255,8000,8489,8839,9061,9253,9403,9489,9570,9641,9621,9436,9148,8885,8579,8094,7555,6979,6304,5589,4829,3992,3108,2198,1223,281,-610,-1406,-2027,-2646,-3291,-3915,-4528,-5163,-5726,-6082,-6310,-6433,-6434,-6425,-6483,-6539,-6548,-6613,-6786,-6846,-6800,-6698,-6409,-5956,-5411,-4845,-4371,-4027,-3806,-3680,-3564,-3434,-3222,-2905,-2535,-2140,-1643,-1128,-664,-193,262,709,1187,1718,2280,2951,3807,4777,5692,6426,6948,7366,7699,8006,8354,8752,9151,9476,9846,10183,10503,10706,10710,10500,10160,9712,9101,8400,7681,7023,6339,5548,4719,3895,3163,2506,1881,1286,657,-14,-826,-1654,-2391,-2955,-3380,-3698,-3876,-3954,-3902,-3802,-3642,-3457,-3232,-3034,-2849,-2539,-2076,-1505,-940,-507,-166,113,322,459,582,762,963,1112,1203,1277,1271,1217,1034,743,373,-23,-527,-1082,-1586,-2081,-2552,-3046,-3538,-3966,-4306,-4615,-4921,-5197,-5509,-5857,-6335,-6825,-7191,-7417,-7505,-7568,-7628,-7645,-7630,-7633,-7652,-7650,-7629,-7611,-7623,-7571,-7389,-7089,-6805,-6530,-6324,-6200,-6147,-6033,-5745,-5087,-4180,-3165,-2077,-983,79,1021,1863,2515,3029,3481,3844,4210,4773,5610,6566,7525,8425,9087,9529,9833,9979,10045,10157,10139,9889,9570,9234,8808,8368,7880,7335,6769,6184,5538,4859,4284,3782,3109,2352,1588,788,85,-493,-1014,-1483,-1936,-2516,-3304,-3966,-4525,-4975,-5260,-5369,-5366,-5278,-5128,-5049,-5095,-5229,-5447,-5928,-6476,-6831,-6993,-6987,-6788,-6476,-6154,-5842,-5613,-5484,-5370,-5189,-5040,-4904,-4673,-4355,-3970,-3476,-2927,-2374,-1726,-1116,-601,-38,729,1604,2596,3663,4731,5806,6876,7831,8610,9270,9717,9977,10118,10268,10432,10599,10703,10907,11198,11480,11607,11401,10973,10405,9616,8646,7644,6561,5406,4313,3359,2633,2087,1582,960,323,-239,-784,-1409,-2064,-2666,-3127,-3472,-3729,-3863,-3854,-3754,-3681,-3533,-3281,-2920,-2538,-2242,-1894,-1427,-890,-439,-107,118,328,447,496,573,642,645,544,408,375,502,670,683,540,359,101,-311,-819,-1389,-1948,-2446,-2893,-3200,-3309,-3256,-3209,-3307,-3410,-3545,-3735,-3986,-4202,-4378,-4507,-4494,-4418,-4408,-4421,-4428,-4523,-4673,-4875,-5115,-5375,-5673,-6031,-6299,-6552,-6813,-7091,-7406,-7744,-8051,-8201,-8348,-8532,-8809,-9069,-9041,-8663,-7970,-6958,-5682,-4373,-2998,-1787,-812,152,1060,1753,2283,2915,3778,4931,6258,7652,8983,10209,11084,11557,11771,11895,11983,11807,11440,11029,10590,10145,9572,8878,8113,7449,6625,5583,4523,3602,2835,2025,1306,593,-29,-548,-1114,-1665,-2076,-2362,-2801,-3375,-3951,-4359,-4495,-4441,-4273,-3996,-3600,-3277,-3105,-3105,-3137,-3250,-3664,-4189,-4810,-5300,-5565,-5638,-5684,-5663,-5558,-5621,-5804,-6008,-6230,-6399,-6477,-6486,-6435,-6217,-5756,-5158,-4508,-3803,-3009,-2111,-1095,-23,972,2071,3406,4908,6458,7994,9329,10384,11233,11880,12394,12831,13119,13142,12985,12878,12890,12989,13038,12899,12442,11692,10697,9462,8082,6681,5262,3790,2465,1364,499,-210,-794,-1386,-1964,-2409,-2855,-3304,-3654,-3927,-4096,-3984,-3718,-3431,-3169,-2909,-2605,-2181,-1656,-1149,-722,-317,4,298,700,1114,1409,1473,1304,1021,678,306,-93,-560,-1086,-1618,-2084,-2448,-2657,-2880,-3141,-3535,-3962,-4426,-4935,-5379,-5893,-6342,-6583,-6654,-6677,-6664,-6577,-6430,-6255,-6185,-6127,-6079,-6012,-5922,-5889,-5916,-5924,-5954,-6028,-6152,-6364,-6609,-6867,-7122,-7230,-7228,-7174,-7139,-7231,-7339,-7315,-7038,-6525,-5743,-4764,-3643,-2481,-1337,-263,730,1645,2394,2925,3422,4100,5079,6323,7635,8898,9969,10809,11303,11553,11591,11414,11174,10883,10537,10192,9860,9358,8682,7882,6968,6051,5053,4042,3125,2342,1685,1106,568,-71,-703,-1337,-1965,-2423,-2703,-2987,-3307,-3675,-4007,-4180,-4148,-3987,-3809,-3629,-3490,-3380,-3254,-3189,-3280,-3523,-3984,-4517,-4987,-5291,-5464,-5578,-5711,-5834,-5923,-6021,-6068,-6162,-6226,-6290,-6235,-6052,-5738,-5233,-4713,-4254,-3794,-3184,-2370,-1431,-401,737,1968,3300,4697,6006,7215,8439,9659,10707,11571,12266,12755,13135,13450,13683,13760,13632,13233,12671,12192,11819,11409,10684,9655,8426,7110,5784,4526,3273,2021,870,-175,-1078,-1730,-2111,-2494,-2939,-3271,-3544,-3675,-3708,-3715,-3644,-3407,-3061,-2674,-2255,-1819,-1435,-1067,-642,-171,316,665,836,873,993,1242,1436,1459,1310,1052,691,342,-23,-430,-860,-1344,-1898,-2300,-2456,-2552,-2793,-3081,-3491,-3858,-4139,-4436,-4708,-4954,-5080,-5215,-5243,-5090,-4893,-4788,-4798,-4871,-4907,-4967,-5063,-5185,-5304,-5392,-5467,-5606,-5807,-6026,-6371,-6878,-7389,-7770,-8098,-8591,-9146,-9512,-9632,-9519,-9368,-9213,-8824,-8049,-6799,-5368,-3918,-2529,-1293,-265,689,1799,2911,3758,4381,5039,6046,7475,9002,10192,10943,11402,11630,11665,11683,11606,11383,10879,10319,9684,9114,8617,7848,6688,5445,4373,3438,2644,2053,1579,1172,884,673,454,176,-157,-612,-1052,-1295,-1310,-1431,-1705,-2014,-2178,-2192,-2059,-1869,-1828,-1929,-2159,-2444,-2802,-3146,-3640,-4294,-5149,-5936,-6510,-6920,-7265,-7602,-7966,-8373,-8632,-8682,-8548,-8236,-7817,-7293,-6718,-5947,-5021,-4119,-3374,-2673,-1926,-1073,25,1420,2864,4215,5498,6728,7962,9305,10670,11794,12568,13061,13348,13568,13901,14054,13754,12926,11846,10889,10256,9940,9551,8847,7937,6950,6043,5269,4560,3611,2399,1192,210,-428,-835,-1233,-1609,-1953,-2095,-2080,-1985,-1865,-1721,-1599,-1457,-1208,-926,-775,-833,-997,-1094,-947,-672,-488,-504,-675,-856,-862,-740,-561,-468,-563,-840,-986,-955,-872,-947,-1263,-1766,-2255,-2526,-2575,-2519,-2439,-2457,-2581,-2722,-2731,-2718,-2857,-3158,-3546,-3878,-4080,-4309,-4616,-4939,-5313,-5631,-5907,-6252,-6632,-6971,-7364,-7709,-7853,-7937,-8150,-8496,-8972,-9373,-9546,-9666,-9834,-9986,-10106,-10132,-9806,-9452,-8888,-7784,-6298,-4553,-2651,-864,576,1981,3234,4335,5297,5921,6105,6171,6533,7224,8276,9332,10008,10239,10249,10217,10124,9982,9627,9063,8350,7653,7109,6585,6042,5317,4394,3468,2697,2196,1832,1566,1379,1458,1787,2206,2552,2671,2513,2252,1909,1548,1187,623,-94,-819,-1339,-1598,-1716,-1947,-2429,-3015,-3597,-4136,-4664,-5283,-6047,-6893,-7771,-8533,-9030,-9302,-9519,-9829,-10072,-10183,-9989,-9529,-8850,-7934,-6953,-5783,-4507,-3168,-1893,-744,139,931,1778,2657,3551,4447,5482,6570,7686,8634,9361,9951,10491,10946,11308,11541,11632,11548,11326,11133,10877,10339,9467,8388,7385,6717,6376,6017,5622,5252,4890,4488,4109,3714,3208,2670,2048,1457,1026,708,274,-203,-581,-762,-844,-913,-976,-1004,-1001,-1021,-1059,-1137,-1239,-1458,-1749,-2042,-2139,-1989,-1886,-1915,-1972,-1946,-1843,-1688,-1528,-1368,-1172,-949,-777,-575,-404,-439,-717,-1086,-1388,-1587,-1723,-1931,-2194,-2310,-2398,-2530,-2689,-2931,-3313,-3784,-4178,-4340,-4407,-4583,-4985,-5550,-6034,-6280,-6455,-6714,-6945,-7259,-7687,-7928,-7855,-7665,-7541,-7686,-8054,-8396,-8415,-8344,-8456,-8562,-8515,-8437,-8244,-7691,-6802,-5588,-3960,-2361,-1010,382,1842,2895,3616,4330,4697,4814,5016,5255,5727,6689,7495,7837,8018,8112,8056,8018,7884,7575,7422,7245,6880,6760,6738,6441,5956,5291,4422,3782,3337,2765,2384,2388,2510,2663,3058,3347,3428,3424,3076,2474,1937,1439,620,-322,-1099,-1863,-2470,-2783,-3179,-3721,-4162,-4662,-5411,-6014,-6417,-7034,-7592,-7883,-8100,-8243,-8124,-8058,-8127,-8067,-7994,-7933,-7686,-7227,-6579,-5749,-4703,-3529,-2333,-1159,-159,803,1773,2752,3593,4128,4456,4858,5399,5895,6368,6963,7650,8323,8935,9404,9858,10393,10868,10970,10763,10335,9629,8937,8575,8414,8310,8043,7333,6423,5842,5503,5160,4742,4139,3427,2936,2619,2260,1906,1403,638,-219,-904,-1362,-1757,-2200,-2578,-2799,-2700,-2446,-2299,-2216,-2121,-1992,-1925,-1842,-1698,-1586,-1661,-1806,-1849,-1711,-1484,-1332,-1265,-1192,-972,-718,-648,-729,-868,-1090,-1385,-1637,-1772,-1904,-2143,-2602,-3150,-3571,-3844,-4151,-4631,-5132,-5426,-5479,-5353,-5336,-5472,-5692,-6004,-6222,-6269,-6278,-6519,-6964,-7325,-7377,-7229,-7073,-7171,-7501,-7731,-7719,-7782,-7822,-7730,-7622,-7492,-7161,-6509,-5709,-4595,-3258,-2020,-667,695,1788,2679,3465,4055,4539,4907,5041,5252,5771,6392,7052,7576,7751,7641,7484,7254,6876,6559,6221,5778,5402,5229,5170,5139,5112,4888,4402,3952,3493,3099,2841,2625,2554,2588,2742,3012,3326,3496,3424,3134,2536,1792,1012,172,-743,-1603,-2333,-2909,-3462,-3907,-4335,-4859,-5449,-6092,-6828,-7556,-8090,-8440,-8696,-8697,-8462,-8179,-7875,-7552,-7162,-6769,-6356,-5881,-5389,-4809,-4003,-3085,-2204,-1301,-295,610,1385,2139,2836,3456,4027,4455,4711,4978,5299,5717,6261,6879,7471,8045,8731,9587,10469,11178,11363,11129,10810,10485,10142,9792,9388,8815,8258,7846,7524,7172,6670,5894,4892,4129,3536,3004,2456,1779,1117,522,60,-437,-991,-1604,-2223,-2714,-3038,-3094,-2985,-2901,-2863,-2699,-2370,-2018,-1740,-1598,-1599,-1585,-1560,-1555,-1620,-1701,-1815,-1935,-1951,-1850,-1621,-1524,-1635,-1834,-1959,-2086,-2268,-2520,-2859,-3189,-3435,-3600,-3776,-3911,-4065,-4322,-4606,-4814,-4865,-4908,-4942,-4998,-4986,-4909,-4706,-4519,-4589,-4792,-5025,-5327,-5484,-5497,-5630,-5902,-6285,-6718,-6921,-6937,-7069,-7136,-7252,-7520,-7566,-7070,-6272,-5106,-3589,-2328,-1160,312,1763,3019,4128,4847,5057,5036,5010,5036,5398,5995,6426,6606,6742,6809,6805,6642,6247,5705,5104,4527,4062,3732,3649,3733,3741,3652,3562,3484,3287,2995,2726,2575,2597,2688,2807,2989,3285,3701,4027,4118,3904,3514,2722,1613,509,-536,-1587,-2629,-3615,-4508,-5044,-5336,-5611,-5985,-6445,-6899,-7387,-7805,-7938,-7865,-7688,-7412,-7112,-6752,-6244,-5648,-5171,-4775,-4317,-3804,-3268,-2638,-1925,-1103,-207,727,1478,2001,2478,2965,3428,3929,4364,4487,4581,4891,5221,5672,6334,6962,7514,8175,8807,9319,9754,10077,10145,10135,10073,9891,9575,9233,8845,8481,8217,7793,7095,6214,5280,4447,3725,3080,2421,1732,1054,557,197,-85,-405,-875,-1479,-1944,-2242,-2428,-2508,-2562,-2594,-2484,-2227,-1943,-1636,-1353,-1154,-1087,-1055,-1023,-1078,-1151,-1350,-1602,-1825,-2011,-2217,-2513,-2849,-3188,-3423,-3669,-3882,-4104,-4329,-4534,-4683,-4764,-4693,-4640,-4655,-4747,-4813,-4868,-4967,-5041,-5250,-5555,-5742,-5759,-5802,-5653,-5365,-5273,-5196,-5040,-5008,-5073,-5001,-5095,-5590,-6078,-6449,-6833,-7011,-7038,-7181,-7303,-7166,-6535,-5292,-3652,-1884,-234,1240,2636,4077,5402,6249,6580,6308,5707,5410,5582,5958,6280,6387,6192,5993,5993,5947,5726,5223,4450,3788,3454,3416,3580,3758,3800,3782,3907,4125,4199,4076,3768,3393,3199,3171,3183,3098,2962,2866,2865,2893,2940,2734,2074,1134,163,-828,-1806,-2768,-3810,-4946,-5872,-6517,-6963,-7225,-7397,-7627,-7907,-7988,-7801,-7324,-6664,-5937,-5280,-4699,-4086,-3481,-3014,-2767,-2659,-2688,-2730,-2646,-2374,-2001,-1581,-1218,-869,-451,30,575,1064,1391,1625,1946,2520,3204,3894,4547,5142,5778,6606,7658,8659,9530,10242,10720,11063,11436,11781,11763,11462,10919,10293,9677,9013,8243,7238,6130,5053,4104,3235,2428,1729,1074,605,370,377,354,283,121,-59,-122,-83,-100,-184,-343,-499,-542,-504,-457,-530,-733,-1047,-1349,-1659,-1917,-2237,-2618,-3022,-3399,-3702,-3894,-4041,-4198,-4330,-4478,-4582,-4694,-4793,-4842,-4924,-4946,-5050,-5081,-5011,-4857,-4690,-4526,-4327,-4118,-3862,-3810,-4067,-4473,-4874,-5293,-5686,-6089,-6569,-6965,-7217,-7198,-6981,-6772,-6643,-6558,-6620,-6684,-6508,-6331,-6331,-6295,-6232,-6084,-5402,-4300,-3102,-1622,-116,1335,2992,4556,5729,6536,6884,6670,6249,5833,5319,5018,4796,4483,4343,4353,4269,4183,4064,3693,3269,2917,2543,2463,2678,2996,3507,4158,4760,5416,6072,6437,6603,6631,6342,5936,5491,4782,3981,3250,2497,1833,1355,810,312,-237,-979,-1630,-2216,-2910,-3602,-4269,-4984,-5525,-5782,-5978,-6029,-5898,-5823,-5790,-5592,-5392,-5151,-4773,-4417,-4096,-3793,-3445,-3107,-2810,-2611,-2542,-2593,-2836,-3087,-3270,-3451,-3699,-3986,-4174,-4150,-3829,-3203,-2492,-1711,-871,189,1454,2773,4021,4952,5651,6412,7388,8466,9591,10439,10858,11113,11367,11620,11695,11368,10482,9292,8189,7364,6771,6215,5462,4594,3830,3437,3313,3270,3112,2841,2558,2449,2685,2958,3037,3010,2881,2802,2856,2948,2848,2518,2043,1509,928,362,-385,-1332,-2323,-3219,-3875,-4288,-4483,-4646,-4849,-4959,-4889,-4728,-4514,-4345,-4281,-4275,-4266,-4182,-4031,-3826,-3719,-3732,-3827,-3949,-4075,-4231,-4401,-4637,-4878,-5244,-5618,-5964,-6303,-6571,-6789,-6992,-7276,-7468,-7517,-7551,-7441,-7163,-6984,-6846,-6591,-6374,-6067,-5612,-5152,-4918,-4700,-4540,-4334,-3878,-3268,-2454,-1521,-537,510,1764,2960,3992,4766,5159,5097,4807,4361,3863,3373,2874,2423,2114,1936,1897,2089,2339,2607,2951,3349,3741,4161,4591,4972,5308,5561,5768,5881,5943,6017,6066,6072,6177,6152,5881,5506,4902,4091,3125,2180,1173,205,-563,-1164,-1537,-1598,-1473,-1253,-946,-648,-556,-553,-628,-878,-1231,-1638,-2115,-2644,-3092,-3464,-3692,-3792,-3800,-3777,-3728,-3688,-3671,-3646,-3687,-3799,-3983,-4262,-4550,-4831,-5031,-5154,-5154,-5016,-4798,-4467,-3984,-3349,-2641,-1813,-997,-288,347,959,1496,2036,2635,3200,3670,4134,4662,5172,5653,6101,6318,6343,6250,6122,5847,5557,5326,5012,4712,4579,4544,4559,4636,4780,4922,5111,5357,5546,5669,5694,5664,5561,5414,5197,4837,4410,3939,3469,2983,2530,2005,1463,972,493,56,-248,-494,-756,-973,-1123,-1268,-1353,-1396,-1462,-1534,-1539,-1459,-1405,-1303,-1195,-1084,-1010,-1032,-1081,-1269,-1562,-1911,-2311,-2727,-3105,-3461,-3802,-4084,-4245,-4348,-4415,-4466,-4465,-4429,-4410,-4355,-4327,-4262,-4160,-4052,-3932,-3798,-3679,-3570,-3495,-3453,-3385,-3344,-3347,-3370,-3432,-3469,-3452,-3453,-3504,-3469,-3386,-3177,-2899,-2547,-2031,-1524,-1050,-594,-134,230,452,541,514,439,307,107,-134,-392,-667,-1025,-1366,-1716,-2109,-2447,-2694,-2870,-2912,-2748,-2495,-2121,-1587,-997,-436,177,777,1211,1631,2074,2416,2626,2851,3021,3036,2984,2862,2648,2348,2033,1699,1466,1308,1210,1228,1351,1595,1898,2210,2489,2710,2956,3159,3314,3441,3585,3665,3701,3724,3735,3639,3486,3278,2996,2682,2372,2017,1643,1293,962,651,372,172,-5,-141,-211,-198,-145,-49,78,180,385,564,673,787,803,720,548,399,216,30,-137,-262,-333,-330,-227,-94,50,159,162,106,57,31,16,65,154,279,427,589,796,1040,1301,1457,1602,1728,1808,1832,1884,1946,1948,1943,1906,1880,1806,1787,1760,1765,1778,1753,1737,1723,1744,1773,1831,1886,1859,1777,1658,1456,1249,1096,951,781,679,599,548,568,624,600,515,379,138,-191,-469,-728,-997,-1227,-1444,-1650,-1831,-1942,-2063,-2218,-2409,-2638,-2878,-3130,-3343,-3456,-3511,-3606,-3688,-3718,-3825,-3936,-4022,-4078,-4171,-4221,-4216,-4159,-4006,-3701,-3375,-3077,-2821,-2620,-2602,-2700,-2815,-2984,-3206,-3420,-3532,-3563,-3513,-3338,-3071,-2826,-2582,-2410,-2354,-2426,-2547,-2723,-2865,-2907,-2901,-2829,-2659,-2432,-2063,-1650,-1177,-749,-393,-112,137,395,715,945,1137,1271,1326,1308,1255,1203,1072,972,895,878,951,1142,1425,1729,2084,2434,2679,2838,2912,2926,2921,2947,3033,3139,3285,3507,3738,3962,4159,4319,4297,4175,3979,3699,3365,3013,2699,2356,2039,1778,1565,1413,1345,1340,1383,1459,1548,1610,1675,1772,1843,1889,1929,1886,1817,1714,1582,1387,1145,860,507,235,21,-179,-330,-401,-426,-494,-548,-634,-743,-802,-825,-837,-766,-639,-479,-267,25,402,731,1022,1197,1318,1369,1345,1292,1114,859,541,260,78,-83,-145,-168,-138,-33,108,309,467,666,860,1069,1272,1485,1651,1714,1765,1783,1837,1842,1816,1703,1616,1579,1512,1421,1250,989,661,310,-35,-349,-694,-1054,-1364,-1540,-1651,-1688,-1664,-1620,-1559,-1448,-1358,-1315,-1376,-1518,-1705,-1926,-2135,-2369,-2696,-3019,-3305,-3600,-3834,-4036,-4264,-4486,-4611,-4597,-4362,-4033,-3674,-3283,-2898,-2576,-2357,-2276,-2256,-2354,-2503,-2599,-2680,-2700,-2638,-2580,-2480,-2318,-2224,-2313,-2467,-2715,-3013,-3259,-3469,-3650,-3769,-3717,-3512,-3180,-2688,-2090,-1544,-981,-376,127,565,970,1258,1442,1632,1746,1674,1521,1352,1044,731,462,227,-6,-94,-42,125,428,792,1126,1405,1664,1896,2087,2251,2413,2579,2802,3043,3321,3556,3741,3882,3950,3939,3745,3501,3163,2722,2311,1947,1568,1225,967,768,703,822,1008,1196,1455,1765,2059,2366,2652,2839,2912,2968,2887,2744,2602,2357,1990,1614,1294,965,660,376,117,-103,-256,-374,-502,-607,-707,-766,-803,-756,-625,-489,-312,-77,232,557,881,1164,1397,1553,1631,1579,1381,1082,723,301,-105,-459,-737,-926,-1000,-933,-808,-572,-301,-12,267,566,848,1111,1333,1521,1674,1785,1885,1943,1968,1984,1984,1949,1896,1818,1707,1522,1338,1120,878,652,414,168,-40,-207,-336,-395,-387,-368,-310,-232,-133,-29,48,61,-7,-158,-410,-736,-1111,-1520,-1949,-2390,-2781,-3117,-3407,-3636,-3840,-3984,-4108,-4179,-4226,-4267,-4311,-4353,-4335,-4188,-3929,-3580,-3193,-2761,-2428,-2197,-2059,-2012,-2066,-2245,-2484,-2747,-2984,-3181,-3234,-3229,-3135,-3047,-3025,-3053,-3144,-3288,-3384,-3410,-3337,-3192,-2964,-2641,-2225,-1727,-1123,-515,33,431,692,884,990,1096,1221,1316,1312,1282,1160,1036,934,851,756,601,462,354,329,462,718,1065,1407,1732,1958,2139,2299,2485,2615,2750,2838,2879,2930,3023,3138,3258,3368,3317,3184,2957,2709,2406,2131,1884,1583,1302,1059,910,873,1011,1198,1408,1620,1780,1916,2038,2184,2288,2335,2365,2285,2181,2051,1852,1613,1348,1029,689,385,98,-96,-242,-358,-437,-534,-620,-687,-751,-767,-756,-702,-684,-592,-492,-326,-112,113,342,533,683,801,838,793,685,466,179,-123,-356,-527,-599,-578,-507,-373,-202,-2,265,540,793,1036,1218,1344,1485,1620,1743,1810,1879,1916,1957,2013,2090,2165,2237,2248,2199,2110,1962,1799,1613,1461,1313,1178,1066,939,869,846,893,983,1073,1136,1234,1255,1276,1256,1146,964,671,315,-39,-319,-563,-821,-1052,-1268,-1514,-1741,-1909,-2037,-2225,-2394,-2535,-2745,-2943,-3102,-3235,-3379,-3536,-3655,-3790,-3959,-4101,-4102,-4014,-3791,-3467,-3114,-2833,-2628,-2496,-2501,-2558,-2713,-3019,-3383,-3745,-4004,-4095,-3949,-3667,-3323,-3033,-2781,-2655,-2620,-2637,-2680,-2722,-2747,-2738,-2699,-2575,-2322,-1978,-1515,-1023,-611,-300,-76,112,341,615,861,965,1001,929,789,635,582,508,341,179,22,-67,9,290,654,1017,1380,1649,1786,1934,2106,2216,2332,2397,2398,2404,2477,2684,2876,3130,3350,3416,3363,3262,3083,2868,2662,2383,2007,1587,1261,989,933,1031,1193,1392,1576,1762,1947,2168,2453,2613,2639,2569,2405,2198,2019,1817,1574,1298,989,638,363,126,-47,-190,-282,-325,-362,-366,-324,-257,-202,-149,-173,-274,-359,-393,-340,-164,66,314,577,850,1045,1167,1182,1072,793,384,-46,-422,-714,-891,-999,-982,-889,-664,-370,-5,381,742,1057,1253,1415,1492,1554,1555,1541,1510,1472,1443,1414,1407,1452,1473,1493,1483,1442,1441,1371,1305,1229,1161,1030,860,747,672,648,684,759,907,1103,1278,1434,1570,1668,1667,1545,1310,967,559,103,-325,-709,-1059,-1325,-1504,-1605,-1657,-1647,-1666,-1690,-1779,-1861,-1972,-2127,-2329,-2500,-2586,-2729,-2873,-2984,-3121,-3284,-3438,-3536,-3547,-3471,-3320,-3176,-3017,-2915,-2882,-2912,-3025,-3168,-3382,-3604,-3812,-3960,-3985,-3849,-3546,-3186,-2791,-2426,-2174,-1989,-1923,-1960,-2029,-2151,-2298,-2442,-2511,-2467,-2353,-2144,-1834,-1480,-1190,-935,-706,-496,-282,-69,73,184,245,267,244,245,304,314,347,389,467,591,832,1108,1345,1601,1786,1865,1898,1887,1860,1814,1794,1773,1727,1801,1941,2123,2333,2582,2813,2958,3046,3054,2986,2843,2659,2378,2051,1721,1392,1154,1029,1066,1117,1252,1399,1496,1618,1724,1816,1830,1790,1678,1510,1341,1185,1012,859,735,576,407,291,201,113,51,36,-35,-160,-306,-421,-563,-650,-728,-829,-925,-1004,-1034,-969,-825,-632,-400,-167,59,189,258,275,222,73,-127,-356,-566,-758,-840,-847,-750,-538,-333,-93,174,500,811,1100,1343,1483,1545,1493,1451,1441,1418,1421,1443,1445,1522,1583,1656,1718,1763,1782,1736,1693,1596,1550,1519,1490,1451,1388,1361,1367,1408,1525,1719,1952,2146,2266,2372,2440,2441,2375,2275,2137,1902,1615,1319,1033,800,661,516,390,302,238,214,235,276,255,158,2,-197,-402,-587,-779,-996,-1245,-1480,-1680,-1907,-2103,-2281,-2444,-2635,-2845,-3085,-3395,-3707,-4063,-4447,-4751,-4929,-4993,-4916,-4658,-4217,-3714,-3320,-3010,-2843,-2808,-2897,-3101,-3343,-3588,-3784,-3983,-4013,-3904,-3758,-3644,-3557,-3541,-3655,-3824,-3943,-4013,-4060,-3923,-3718,-3493,-3152,-2703,-2211,-1695,-1189,-811,-546,-326,-171,-16,227,470,588,691,728,699,641,564,509,381,261,220,227,366,669,1015,1375,1780,2109,2331,2546,2746,2909,3057,3190,3314,3403,3504,3602,3726,3830,3836,3736,3564,3378,3074,2783,2510,2213,1873,1614,1379,1283,1304,1410,1528,1679,1878,2016,2114,2215,2301,2354,2360,2308,2209,2053,1861,1648,1398,1177,896,586,259,-49,-273,-452,-593,-715,-819,-890,-922,-909,-846,-755,-696,-641,-553,-380,-168,93,349,610,852,958,940,870,664,363,3,-322,-673,-917,-1109,-1222,-1208,-1130,-1018,-862,-659,-487,-250,26,320,568,755,892,1017,1130,1258,1386,1477,1544,1582,1634,1663,1667,1618,1558,1508,1415,1306,1201,1133,1084,1066,1085,1114,1190,1332,1550,1808,2119,2436,2694,2892,3003,3010,2948,2826,2645,2385,2118,1834,1553,1282,1079,934,799,666,554,438,339,212,83,-68,-275,-476,-637,-762,-851,-893,-940,-976,-1019,-1102,-1235,-1422,-1662,-1907,-2201,-2550,-2898,-3276,-3640,-3964,-4219,-4441,-4667,-4835,-4995,-5039,-4944,-4732,-4392,-3977,-3562,-3227,-2941,-2768,-2690,-2782,-3010,-3315,-3605,-3830,-3930,-3875,-3685,-3408,-3125,-2923,-2833,-2785,-2840,-2997,-3135,-3220,-3220,-3139,-2945,-2651,-2264,-1754,-1206,-659,-180,236,543,738,921,1028,1083,1041,992,882,798,743,741,722,729,749,745,816,948,1169,1371,1638,1895,2088,2268,2357,2431,2470,2499,2491,2530,2594,2665,2803,2976,3179,3280,3315,3266,3116,2884,2572,2264,1925,1628,1388,1177,1142,1221,1365,1610,1862,2158,2395,2568,2689,2724,2734,2663,2526,2315,2084,1853,1602,1406,1209,1023,820,618,370,173,2,-150,-317,-484,-629,-769,-861,-904,-945,-993,-1049,-1087,-1094,-1028,-897,-708,-496,-270,-68,69,100,16,-186,-461,-783,-1109,-1420,-1610,-1719,-1701,-1544,-1306,-995,-680,-385,-146,44,195,287,357,409,462,515,626,800,1022,1279,1574,1831,2042,2181,2241,2240,2148,2053,1927,1764,1651,1540,1515,1554,1617,1709,1820,1925,2048,2169,2321,2484,2611,2709,2752,2778,2742,2647,2512,2331,2150,1925,1728,1575,1473,1388,1351,1306,1282,1231,1157,1026,839,671,470,254,56,-152,-292,-388,-414,-457,-468,-489,-555,-692,-852,-1014,-1269,-1577,-1880,-2187,-2458,-2712,-2885,-3037,-3185,-3313,-3457,-3582,-3668,-3792,-3898,-3979,-4065,-4130,-4223,-4298,-4399,-4510,-4538,-4489,-4316,-4082,-3767,-3435,-3115,-2884,-2722,-2668,-2757,-2942,-3194,-3387,-3527,-3564,-3509,-3377,-3131,-2927,-2776,-2653,-2613,-2633,-2666,-2686,-2658,-2588,-2460,-2277,-2023,-1715,-1350,-975,-605,-279,-11,168,352,538,672,803,899,962,1002,1063,1135,1231,1289,1356,1428,1540,1699,1851,2096,2346,2565,2766,2924,3044,3108,3148,3166,3176,3185,3202,3257,3299,3393,3490,3568,3587,3545,3434,3236,3036,2759,2463,2161,1912,1720,1562,1507,1499,1544,1642,1717,1777,1824,1832,1821,1745,1659,1535,1384,1172,951,707,477,349,189,64,-52,-198,-353,-523,-645,-788,-901,-1014,-1144,-1221,-1257,-1288,-1314,-1362,-1394,-1427,-1400,-1291,-1187,-1049,-894,-804,-791,-813,-937,-1120,-1350,-1567,-1751,-1884,-1910,-1877,-1807,-1696,-1550,-1416,-1292,-1189,-1072,-946,-855,-775,-646,-462,-319,-171,-29,116,270,350,380,448,502,474,435,405,394,363,392,442,523,660,835,1057,1269,1499,1668,1736,1802,1853,1957,2055,2092,2184,2303,2488,2629,2738,2844,2857,2725,2524,2365,2272,2117,1958,1877,1867,1920,1985,1992,2067,2186,2288,2346,2439,2485,2424,2315,2178,2082,1953,1824,1598,1378,1250,1191,1110,1027,921,728,527,323,140,-18,-208,-485,-733,-913,-1049,-1188,-1346,-1435,-1506,-1541,-1554,-1579,-1627,-1691,-1843,-2041,-2264,-2527,-2847,-3197,-3499,-3720,-3897,-4036,-4123,-4187,-4267,-4330,-4369,-4420,-4560,-4728,-4882,-4942,-4924,-4781,-4499,-4123,-3700,-3309,-2953,-2681,-2520,-2488,-2520,-2649,-2806,-3014,-3155,-3185,-3132,-2980,-2754,-2553,-2427,-2348,-2387,-2446,-2468,-2499,-2505,-2427,-2218,-1879,-1407,-878,-358,107,486,827,1011,1080,1127,1116,1104,1144,1167,1204,1279,1289,1313,1356,1404,1401,1383,1407,1499,1610,1833,2110,2363,2587,2769,2918,3076,3208,3299,3381,3465,3526,3559,3595,3652,3647,3619,3574,3473,3284,3073,2829,2565,2321,2080,1833,1662,1559,1502,1490,1558,1668,1735,1790,1863,1883,1835,1745,1643,1500,1353,1203,1011,853,693,488,294,53,-226,-539,-868,-1173,-1420,-1621,-1739,-1854,-1921,-1983,-2012,-2057,-2098,-2123,-2172,-2185,-2182,-2126,-2023,-1908,-1796,-1729,-1699,-1758,-1860,-2024,-2147,-2307,-2457,-2597,-2700,-2737,-2711,-2634,-2513,-2348,-2183,-2010,-1829,-1603,-1403,-1148,-873,-581,-329,-104,82,213,373,490,528,589,671,753,839,903,1019,1142,1201,1196,1144,1150,1203,1232,1296,1446,1643,1834,2023,2278,2575,2875,3159,3421,3596,3690,3710,3679,3632,3560,3479,3392,3252,3117,3019,2988,2957,2930,2911,2853,2765,2697,2715,2710,2679,2633,2579,2508,2462,2410,2315,2231,2143,2024,1905,1830,1757,1612,1468,1271,1072,835,603,310,51,-148,-354,-490,-591,-679,-744,-804,-843,-882,-953,-1034,-1134,-1288,-1457,-1654,-1860,-2055,-2245,-2412,-2547,-2641,-2702,-2758,-2790,-2806,-2888,-2984,-3120,-3240,-3367,-3484,-3577,-3685,-3807,-3926,-3987,-4020,-4031,-4045,-4065,-4128,-4201,-4249,-4291,-4360,-4449,-4494,-4470,-4341,-4072,-3736,-3278,-2843,-2497,-2215,-1970,-1830,-1813,-1820,-1884,-1902,-1851,-1647,-1382,-1094,-851,-694,-613,-631,-736,-884,-1129,-1316,-1391,-1278,-1026,-658,-167,343,806,1221,1563,1852,2051,2185,2221,2281,2343,2354,2354,2293,2230,2144,2070,1970,1892,1808,1676,1570,1541,1588,1729,1844,1974,2096,2212,2364,2455,2555,2636,2663,2652,2677,2640,2600,2544,2416,2257,2150,2043,1834,1572,1301,1020,748,523,346,213,167,156,195,277,308,242,190,144,116,97,41,14,-29,-100,-123,-141,-189,-264,-356,-406,-467,-564,-719,-930,-1143,-1264,-1324,-1324,-1325,-1339,-1345,-1330,-1297,-1262,-1240,-1275,-1288,-1243,-1122,-959,-808,-672,-530,-408,-333,-408,-609,-827,-962,-1192,-1494,-1606,-1664,-1686,-1621,-1442,-1278,-1203,-1120,-962,-862,-746,-589,-321,-51,246,559,870,1149,1365,1528,1659,1783,1850,1840,1808,1755,1676,1571,1409,1269,1245,1196,1203,1363,1598,1878,2158,2431,2680,2859,3019,3157,3224,3281,3355,3454,3523,3578,3598,3604,3523,3432,3342,3228,3042,2842,2572,2283,1979,1636,1350,1129,964,834,840,1012,1219,1329,1451,1592,1649,1534,1404,1240,933,569,261,27,-251,-516,-707,-815,-904,-984,-992,-971,-1013,-1079,-1100,-1137,-1231,-1358,-1500,-1600,-1656,-1667,-1571,-1475,-1367,-1217,-1068,-963,-907,-943,-1080,-1246,-1452,-1684,-1902,-2076,-2234,-2366,-2417,-2383,-2288,-2200,-2085,-1967,-1809,-1673,-1548,-1469,-1474,-1531,-1665,-1818,-1927,-2030,-2120,-2182,-2225,-2199,-2173,-2196,-2287,-2490,-2801,-3193,-3594,-3984,-4403,-4741,-5002,-5273,-5496,-5595,-5536,-5350,-5037,-4390,-3333,-2089,-839,326,1326,2044,2416,2378,2015,1372,586,-99,-544,-735,-756,-643,-508,-433,-309,-53,222,510,696,910,1339,1827,2308,2780,3226,3550,3791,4074,4457,4770,4979,5107,5170,5148,5045,4813,4430,3803,3059,2360,1611,898,176,-361,-705,-853,-717,-394,180,855,1488,2117,2592,2910,2943,2666,2170,1538,785,-3,-711,-1278,-1729,-2086,-2403,-2636,-2859,-3086,-3298,-3485,-3657,-3843,-3926,-3920,-3878,-3786,-3659,-3499,-3327,-3065,-2667,-2130,-1516,-917,-486,-145,44,52,-135,-514,-974,-1480,-1965,-2316,-2543,-2666,-2654,-2540,-2303,-1889,-1325,-626,131,864,1559,2209,2717,3052,3169,3110,2999,2850,2769,2776,2837,2943,2992,3063,3069,2952,2769,2433,2046,1650,1326,1106,971,930,911,1015,1129,1316,1581,1839,2150,2423,2664,2840,2920,2847,2594,2130,1509,812,39,-701,-1331,-1855,-2269,-2537,-2673,-2719,-2658,-2483,-2260,-2001,-1747,-1465,-1198,-960,-794,-687,-638,-688,-738,-740,-630,-563,-519,-438,-420,-435,-508,-529,-592,-765,-906,-951,-912,-801,-660,-435,-191,8,284,707,1161,1527,1870,2187,2415,2536,2559,2498,2263,1921,1565,1304,1067,910,792,742,731,768,927,1173,1483,1704,1894,2117,2324,2444,2532,2511,2345,2091,1827,1680,1611,1543,1420,1327,1239,1112,959,848,695,428,147,-62,-134,-170,-191,-202,-189,-165,-84,69,293,449,488,497,462,402,254,25,-322,-690,-1019,-1277,-1415,-1491,-1545,-1514,-1461,-1365,-1221,-1034,-941,-865,-816,-748,-622,-550,-501,-542,-573,-605,-629,-601,-581,-607,-652,-716,-758,-848,-971,-1159,-1410,-1596,-1766,-1883,-1935,-1912,-1827,-1772,-1717,-1600,-1510,-1496,-1485,-1437,-1425,-1532,-1760,-2043,-2359,-2778,-3280,-3833,-4339,-4771,-5073,-5154,-5065,-4909,-4740,-4496,-4099,-3625,-3115,-2495,-1733,-881,-77,678,1432,2030,2224,2161,1987,1715,1319,900,632,456,324,317,414,561,623,651,817,1008,1202,1499,1916,2315,2649,3065,3546,3941,4214,4421,4560,4580,4429,4187,3895,3455,2853,2202,1599,1002,399,-111,-532,-857,-1158,-1332,-1350,-1291,-1223,-1054,-768,-489,-311,-156,-57,-85,-273,-585,-939,-1279,-1593,-1932,-2198,-2411,-2609,-2783,-2972,-3177,-3392,-3621,-3798,-3884,-3856,-3694,-3425,-3131,-2801,-2419,-2046,-1602,-1200,-791,-356,61,462,785,1020,1152,1181,1026,835,660,499,388,278,300,386,503,672,901,1180,1458,1813,2221,2628,3056,3409,3643,3794,3818,3750,3633,3454,3227,2993,2779,2575,2317,2023,1667,1290,869,438,53,-299,-551,-787,-949,-1014,-1032,-966,-871,-758,-618,-528,-410,-333,-308,-370,-516,-748,-1080,-1463,-1817,-2146,-2468,-2701,-2866,-2964,-2975,-2915,-2814,-2658,-2400,-2162,-1861,-1546,-1224,-922,-626,-307,29,399,712,927,1151,1475,1869,2296,2590,2676,2722,2821,2965,3088,3092,2914,2605,2391,2316,2423,2563,2604,2622,2765,3093,3550,3985,4187,4123,3964,3795,3624,3432,3069,2533,1938,1435,1103,872,643,341,-2,-252,-313,-312,-324,-460,-664,-779,-816,-795,-782,-805,-865,-922,-867,-755,-628,-568,-614,-720,-806,-848,-935,-1041,-1204,-1392,-1497,-1520,-1489,-1406,-1256,-1058,-838,-537,-183,175,512,740,899,984,1022,1005,980,926,816,709,651,614,588,576,547,515,486,474,553,631,622,604,586,597,630,668,640,602,577,564,528,533,483,340,113,-98,-308,-554,-773,-1000,-1242,-1438,-1598,-1728,-1820,-1887,-1945,-1999,-2019,-1962,-1907,-1868,-1862,-1870,-1920,-2026,-2105,-2185,-2306,-2422,-2507,-2542,-2616,-2680,-2725,-2785,-2871,-2904,-3011,-3125,-3221,-3316,-3374,-3434,-3409,-3439,-3452,-3393,-3251,-3113,-2970,-2799,-2643,-2533,-2455,-2284,-1983,-1499,-786,169,1173,2048,2835,3551,3998,4157,4009,3612,3148,2734,2588,2647,2744,2761,2672,2646,2651,2721,2777,2825,2837,2839,2977,3253,3453,3507,3387,3138,2916,2668,2403,2162,1766,1315,875,534,218,-154,-596,-1113,-1655,-2127,-2611,-3067,-3479,-3842,-4021,-3941,-3737,-3440,-3059,-2724,-2536,-2420,-2357,-2390,-2488,-2643,-2774,-2859,-2891,-2837,-2767,-2700,-2661,-2652,-2646,-2584,-2447,-2184,-1833,-1424,-940,-456,-3,382,706,932,1138,1388,1693,2045,2467,2898,3247,3552,3711,3810,3784,3617,3356,3109,2896,2665,2473,2301,2125,1992,1951,1945,1980,2041,2102,2147,2169,2142,2068,1908,1697,1443,1133,790,381,-27,-475,-904,-1305,-1684,-2015,-2279,-2448,-2597,-2712,-2864,-2987,-3104,-3262,-3353,-3371,-3341,-3230,-3065,-2844,-2565,-2265,-1982,-1727,-1550,-1414,-1276,-1174,-1085,-1055,-1068,-1034,-1042,-1015,-934,-823,-612,-357,-13,385,801,1191,1552,1890,2192,2447,2648,2849,2961,3080,3178,3258,3305,3246,3171,3085,3046,3007,2945,2814,2636,2415,2165,1892,1596,1295,999,764,608,514,432,354,266,183,103,6,-48,-162,-312,-487,-688,-914,-1153,-1408,-1613,-1804,-1929,-1969,-1986,-1935,-1896,-1827,-1753,-1617,-1412,-1223,-1011,-624,-178,167,422,667,839,975,1100,1258,1366,1409,1449,1541,1629,1637,1516,1391,1271,1158,1203,1255,1343,1425,1536,1647,1828,1972,2057,2110,2160,2198,2202,2231,2188,2018,1822,1643,1434,1227,1130,1176,1246,1240,1207,1193,1091,944,830,712,502,261,110,17,-61,-175,-315,-419,-494,-476,-380,-313,-335,-444,-609,-765,-902,-1036,-1134,-1251,-1322,-1341,-1342,-1323,-1346,-1374,-1353,-1224,-1097,-977,-910,-899,-938,-962,-951,-901,-872,-876,-823,-714,-584,-455,-381,-319,-257,-194,-105,-27,-32,-87,-163,-277,-308,-309,-298,-302,-406,-491,-544,-544,-529,-558,-676,-756,-828,-910,-1073,-1246,-1407,-1617,-1816,-1961,-2055,-2209,-2412,-2582,-2715,-2875,-3034,-3187,-3311,-3456,-3583,-3625,-3669,-3774,-3849,-3838,-3711,-3616,-3558,-3501,-3439,-3417,-3293,-3037,-2793,-2572,-2344,-2091,-1679,-1133,-557,60,696,1376,2051,2707,3272,3532,3530,3448,3380,3334,3227,3193,3202,3058,2971,2993,2973,2953,2907,2947,3015,3089,3208,3269,3281,3200,3014,2830,2655,2494,2285,1992,1650,1241,818,498,113,-276,-667,-1094,-1476,-1868,-2315,-2745,-3156,-3443,-3614,-3619,-3548,-3447,-3356,-3269,-3095,-2984,-2896,-2795,-2688,-2559,-2397,-2226,-2066,-2003,-1922,-1833,-1712,-1597,-1438,-1256,-1098,-871,-657,-398,-95,191,492,810,1143,1487,1826,2157,2458,2743,3013,3266,3508,3686,3769,3775,3725,3571,3424,3221,2949,2671,2402,2140,1928,1729,1520,1378,1196,1054,896,792,631,463,270,51,-172,-396,-619,-897,-1106,-1336,-1544,-1710,-1909,-2060,-2219,-2413,-2586,-2733,-2850,-2947,-3046,-3075,-3091,-3039,-2937,-2770,-2579,-2351,-2063,-1726,-1369,-1034,-679,-360,-72,166,386,558,670,758,840,899,965,1063,1139,1262,1399,1533,1707,1819,1950,2066,2149,2234,2306,2383,2434,2469,2476,2455,2389,2280,2139,1972,1797,1622,1424,1205,992,770,509,225,-71,-331,-602,-839,-1053,-1209,-1324,-1417,-1479,-1531,-1585,-1618,-1607,-1627,-1627,-1635,-1646,-1656,-1639,-1640,-1637,-1620,-1593,-1557,-1514,-1439,-1373,-1285,-1177,-1037,-908,-723,-539,-363,-143,48,239,456,674,999,1578,2613,3845,4714,5085,5106,4885,4483,4115,3789,3405,2990,2719,2727,2785,2610,2119,1588,1212,1197,1511,1868,1993,1853,1598,1402,1363,1385,1261,1058,833,654,604,500,232,-191,-533,-658,-683,-822,-1114,-1565,-2094,-2479,-2606,-2513,-2359,-2232,-2046,-1739,-1398,-1074,-864,-693,-498,-294,-9,255,324,219,53,-35,-73,-43,-2,18,-7,-15,67,146,221,226,233,335,491,715,932,1055,1168,1302,1440,1587,1710,1706,1660,1582,1559,1539,1494,1384,1126,819,598,406,198,59,-25,-24,54,184,317,352,296,226,123,43,0,-67,-154,-277,-339,-393,-455,-531,-613,-751,-883,-982,-1078,-1184,-1214,-1247,-1287,-1284,-1282,-1309,-1349,-1424,-1484,-1500,-1444,-1266,-1039,-833,-658,-538,-523,-538,-611,-712,-814,-900,-969,-985,-1007,-1044,-1083,-1088,-1085,-1073,-1012,-900,-787,-703,-636,-597,-583,-590,-592,-587,-618,-615,-576,-589,-633,-636,-610,-623,-670,-763,-889,-1031,-1183,-1280,-1346,-1409,-1508,-1586,-1615,-1623,-1656,-1755,-1822,-1887,-1916,-1897,-1821,-1812,-1883,-1950,-1968,-1952,-1868,-1694,-1428,-1108,-658,-144,341,782,1196,1589,1903,2152,2262,2298,2228,2106,1957,1845,1730,1603,1571,1533,1561,1562,1509,1459,1441,1452,1511,1582,1632,1620,1542,1488,1386,1291,1198,1075,929,807,688,538,323,14,-253,-512,-775,-998,-1238,-1473,-1709,-1896,-2042,-2125,-2123,-2084,-2014,-1903,-1737,-1585,-1429,-1308,-1169,-1003,-823,-667,-508,-397,-325,-280,-226,-190,-191,-160,-156,-143,-58,7,135,244,368,531,693,859,1031,1227,1404,1521,1633,1731,1824,1857,1870,1850,1796,1698,1605,1462,1313,1134,952,785,614,470,286,77,-110,-323,-516,-667,-801,-890,-950,-961,-929,-882,-853,-819,-815,-808,-820,-858,-896,-987,-1076,-1176,-1238,-1346,-1415,-1486,-1517,-1519,-1522,-1429,-1348,-1192,-1041,-865,-669,-458,-224,-8,177,367,553,730,871,1035,1214,1343,1470,1588,1659,1707,1716,1658,1605,1537,1469,1375,1288,1224,1141,1061,1027,992,934,885,848,798,767,691,624,539,426,327,201,48,-121,-319,-499,-679,-863,-1014,-1165,-1296,-1401,-1472,-1544,-1609,-1645,-1652,-1583,-1383,-954,-522,-320,-269,-222,-204,-262,-253,-122,-87,-53,142,417,595,612,571,537,564,759,995,1116,1084,1014,960,979,1089,1169,1212,1229,1260,1372,1654,1986,2196,2287,2425,2561,2519,2344,2109,1731,1281,981,819,668,443,186,-29,-213,-288,-275,-283,-284,-265,-276,-283,-266,-258,-319,-391,-353,-320,-319,-339,-444,-560,-628,-609,-564,-534,-552,-586,-637,-622,-620,-565,-537,-494,-387,-266,-103,19,74,191,413,670,931,1119,1218,1215,1192,1171,1163,1101,1051,954,870,809,721,633,485,356,317,334,431,473,472,485,501,510,508,476,408,273,129,37,3,-72,-107,-111,-127,-137,-184,-272,-372,-500,-612,-696,-765,-824,-872,-893,-937,-937,-902,-832,-753,-637,-537,-444,-375,-303,-291,-292,-314,-363,-440,-502,-575,-630,-648,-678,-670,-637,-565,-504,-470,-468,-471,-479,-476,-480,-465,-457,-461,-394,-362,-365,-365,-371,-354,-338,-337,-355,-435,-550,-619,-707,-788,-877,-972,-1083,-1152,-1197,-1194,-1223,-1259,-1262,-1244,-1169,-1102,-1080,-1119,-1192,-1242,-1284,-1305,-1342,-1416,-1485,-1546,-1595,-1629,-1643,-1687,-1746,-1776,-1740,-1716,-1711,-1726,-1707,-1701,-1632,-1480,-1304,-1088,-844,-500,-84,346,764,1179,1552,1939,2284,2511,2577,2547,2439,2309,2171,2021,1849,1668,1533,1368,1286,1183,1046,945,875,882,925,982,986,942,867,815,750,666,584,462,358,246,132,3,-189,-391,-577,-762,-944,-1125,-1343,-1593,-1826,-2026,-2168,-2217,-2238,-2184,-2086,-1914,-1705,-1487,-1228,-1004,-762,-497,-242,-13,144,281,347,378,406,401,415,419,404,422,469,498,569,642,735,858,943,1040,1106,1151,1189,1241,1296,1360,1447,1544,1580,1587,1615,1560,1499,1388,1218,1054,856,651,428,168,-103,-391,-642,-850,-1034,-1170,-1235,-1286,-1291,-1248,-1195,-1106,-1051,-968,-913,-842,-796,-753,-719,-692,-675,-665,-644,-648,-639,-623,-597,-570,-522,-462,-414,-329,-260,-151,-62,44,175,311,481,630,813,959,1114,1259,1394,1535,1619,1695,1711,1727,1658,1584,1481,1314,1153,972,787,640,491,376,250,168,98,37,23,-12,-35,-90,-126,-164,-194,-244,-304,-356,-416,-465,-532,-586,-625,-704,-748,-799,-842,-888,-946,-990,-1042,-1089,-1109,-1094,-1073,-1002,-926,-810,-655,-480,-300,-80,89,267,414,554,680,792,839,899,922,916,915,919,904,871,856,825,797,789,786,779,773,759,752,723,728,690,668,635,602,590,574,570,543,511,446,397,313,199,96,-54,-206,-368,-524,-658,-778,-906,-976,-1070,-1089,-1090,-1068,-1023,-964,-875,-784,-683,-561,-463,-392,-333,-265,-221,-189,-143,-95,-47,10,50,82,97,141,170,164,170,202,204,222,276,307,371,424,490,567,631,704,766,809,861,895,902,869,844,784,699,592,460,312,154,5,-20,245,901,1765,2515,2960,3065,2859,2494,2108,1735,1393,1074,906,838,658,352,-64,-446,-622,-486,-218,-37,-32,-181,-379,-450,-403,-363,-344,-328,-319,-298,-328,-450,-588,-636,-483,-146,175,342,264,28,-252,-497,-665,-852,-988,-1045,-1010,-893,-735,-567,-369,-76,291,661,922,1029,1003,917,868,863,849,782,704,620,522,418,300,171,56,23,24,78,109,74,-8,-77,-144,-220,-308,-401,-489,-513,-459,-274,-94,84,230,288,317,293,143,-36,-229,-391,-534,-642,-746,-853,-932,-937,-915,-824,-744,-661,-560,-450,-310,-126,13,124,193,236,215,139,53,-55,-89,-74,26,140,202,252,279,235,159,84,-37,-162,-252,-289,-292,-267,-222,-152,-72,65,166,255,318,352,368,388,365,311,215,91,-73,-190,-314,-425,-508,-540,-545,-538,-494,-484,-473,-484,-463,-457,-432,-437,-451,-480,-530,-533,-560,-542,-521,-494,-455,-418,-402,-464,-509,-539,-534,-605,-696,-737,-809,-854,-810,-773,-780,-772,-645,-592,-516,-390,-323,-263,-216,-144,-129,-142,-128,-187,-253,-274,-307,-336,-323,-273,-260,-216,-187,-167,-183,-161,-162,-174,-165,-153,-154,-146,-97,-39,14,64,115,112,125,126,110,105,72,78,71,20,-16,-75,-128,-186,-210,-210,-205,-180,-156,-130,-119,-77,-67,-56,-65,-75,-82,-109,-144,-165,-201,-230,-240,-225,-177,-204,-212,-228,-208,-193,-195,-179,-191,-182,-168,-145,-116,-118,-86,-42,16,65,119,140,134,156,181,215,194,174,180,142,134,101,83,55,36,46,49,60,78,80,77,102,116,147,141,129,130,110,102,92,97,73,76,65,36,27,3,-19,-36,-46,-33,-25,10,13,14,17,1,15,13,14,28,41,88,99,128,148,172,150,141,130,107,95,61,48,32,47,48,45,43,64,77,95,142,169,203,224,240,258,248,251,245,231,222,218,195,175,171,156,145,114,113,105,112,101,84,81,52,40,20,10,-12,-25,-11,-37,-10,-2,6,20,25,42,44,41,24,34,4,-19,-25,-31,-46,-54,-53,-49,-39,-37,-31,-46,-2,30,51,63,66,56,25,3,-19,-37,-64,-77,-80,-72,-65,-62,-46,-29,-48,-48,-58,-64,-77,-71,-76,-88,-96,-126,-125,-110,-108,-97,-72,-57,-38,-28,-21,-21,-42,-51,-75,-73,-84,-115,-127,-135,-142,-168,-208,-199,-216,-227,-215,-187,-157,-160,-147,-146,-163,-154,-181,-184,-189,-192,-183,-183,-177,-179,-182,-177,-169,-165,-172,-166,-158,-164,-173,-182,-187,-215,-208,-235,-203,-197,-166,-145,-132,-111,-84,-62,-59,-42,-31,-14,-13,-26,-38,-46,-61,-73,-97,-109,-104,-129,-146,-161,-162,-162,-130,-122,-148,-142,-142,-143,-128,-99,-76,-67,-43,-19,5,-2,14,41,38,20,-3,-59,-97,-141,-163,-178,-216,-211,-237,-235,-263,-275,-261,-271,-245,-225,-196,-197,-210,-183,-176,-188,-186,-176,-207,-226,-218,-233,-223,-225,-229,-229,-211,-226,-224,-240,-252,-234,-228,-202,-167,-134,-107,-77,-68,-80,-52,-52,-69,-66,-68,-78,-117,-132,-145,-148,-151,-170,-178,-152,-184,-202,-189,-188,-140,-146,-121,-101,-94,-55,-58,-67,-78,-64,-75,-71,-60,-54,-53,-24,-24,-26,-45,-39,-59,-78,-74,-74,-72,-86,-74,-67,-53,-26,-1,8,27,61,62,77,94,107,85,94,93,84,80,82,50,39,32,0,6,26,33,46,55,63,67,59,52,73,89,88,96,106,133,138,158,166,167,192,187,200,170,155,145,151,147,151,165,148,167,161,172,158,142,141,152,166,172,188,180,174,162,161,140,127,100,88,87,87,83,87,89,96,84,100,107,98,121,127,123,136,148,149,127,129,148,140,133,160,173,161,191,208,197,218,229,250,259,271,259,277,268,284,281,280,290,298,315,301,326,305,316,316,294,315,321,317,310,285,277,274,268,241,246,231,217,222,217,229,224,249,222,222,213,188,162,153,123,108,100,95,73,53,58,7,1,-31,-52,-71,-88,-130,-129,-137,-166,-164,-169,-170,-170,-187,-211,-224,-237,-252,-265,-287,-320,-323,-313,-321,-319,-325,-330,-325,-325,-300,-326,-308,-280,-252,-236,-217,-200,-176,-153,-145,-146,-132,-106,-92,-61,-52,-17,19,22,59,61,76,83,97,119,98,88,89,85,83,113,123,120,135,137,143,114,136,134,143,168,133,114,98,80,68,58,41,18,-6,-26,-54,-79,-91,-118,-138,-163,-185,-200,-213,-244,-280,-291,-287,-255,-267,-274,-265,-255,-255,-243,-263,-261,-267,-281,-272,-274,-280,-286,-273,-273,-288,-271,-264,-251,-258,-251,-231,-213,-222,-195,-193,-205,-186,-185,-136,-135,-113,-113,-113,-109,-115,-102,-95,-88,-84,-100,-93,-104,-91,-110,-96,-90,-93,-52,-59,-57,-77,-87,-89,-115,-120,-118,-129,-134,-137,-124,-153,-151,-161,-175,-157,-167,-171,-163,-163,-146,-136,-122,-121,-126,-130,-99,-112,-131,-131,-145,-156,-147,-159,-164,-159,-179,-180,-167,-170,-175,-154,-145,-143,-156,-128,-112,-98,-72,-77,-41,-24,10,3,4,11,15,17,12,29,14,14,-1,-9,-12,-50,-66,-83,-99,-131,-135,-140,-157,-168,-173,-183,-202,-215,-229,-243,-229,-235,-239,-236,-251,-222,-251,-268,-291,-298,-275,-270,-285,-259,-267,-285,-261,-236,-206,-213,-212,-201,-192,-199,-183,-171,-180,-155,-149,-130,-117,-122,-110,-110,-82,-81,-66,-72,-49,-40,-46,-54